{"is_source_file": false, "format": "", "description": "", "external_files": [], "external_methods": [], "published": [], "classes": [], "methods": [], "calls": [], "search-terms": [], "state": 2, "file_id": 1, "knowledge_revision": 15, "git_revision": "a4d30150285c789542950e9d5602626a3d7758d1", "hash": "4db9d13500a7b132c4aadcea54d0c4b9", "format-version": 4, "code-base-name": "sudoku_solver_frontend", "filename": "README.md", "revision_history": [{"15": "a4d30150285c789542950e9d5602626a3d7758d1"}]}