{"is_source_file": false, "format": "", "description": "", "external_files": [], "external_methods": [], "published": [], "classes": [], "methods": [], "calls": [], "search-terms": [], "state": 2, "file_id": 12, "knowledge_revision": 22, "git_revision": "01bf823881801c4918e1f75614b673c2496033aa", "hash": "d2b40d02d5f7873d8a6713bad837edd4", "format-version": 4, "code-base-name": "sudoku_solver_frontend", "filename": "sudoku_solver_frontend/public/index.html", "revision_history": [{"22": "01bf823881801c4918e1f75614b673c2496033aa"}]}