{"is_source_file": false, "format": "", "description": "", "external_files": [], "external_methods": [], "published": [], "classes": [], "methods": [], "calls": [], "search-terms": [], "state": 2, "file_id": 2, "knowledge_revision": 20, "git_revision": "01bf823881801c4918e1f75614b673c2496033aa", "hash": "ebece526bc2eadd78ddd787a76c56607", "format-version": 4, "code-base-name": "sudoku_solver_frontend", "filename": "sudoku_solver_frontend/README.md", "revision_history": [{"20": "01bf823881801c4918e1f75614b673c2496033aa"}]}