{"is_source_file": false, "format": "", "description": "", "external_files": [], "external_methods": [], "published": [], "classes": [], "methods": [], "calls": [], "search-terms": [], "state": 2, "file_id": 5, "knowledge_revision": 23, "git_revision": "01bf823881801c4918e1f75614b673c2496033aa", "ctags": [], "hash": "1a77571e1a8cf36018a41bcedf60db75", "format-version": 4, "code-base-name": "sudoku_solver_frontend", "filename": "sudoku_solver_frontend/src/setupTests.js", "revision_history": [{"23": "01bf823881801c4918e1f75614b673c2496033aa"}]}