{"is_source_file": false, "format": "", "description": "", "external_files": [], "external_methods": [], "published": [], "classes": [], "methods": [], "calls": [], "search-terms": [], "state": 2, "file_id": 6, "knowledge_revision": 29, "git_revision": "01bf823881801c4918e1f75614b673c2496033aa", "revision_history": [{"17": "01bf823881801c4918e1f75614b673c2496033aa"}, {"29": "01bf823881801c4918e1f75614b673c2496033aa"}], "hash": "3d5558e680a3d8f82e943e7e77b29168", "format-version": 4, "code-base-name": "sudoku_solver_frontend", "filename": "sudoku_solver_frontend/src/App.css"}