{"is_source_file": true, "format": "JavaScript (JSX)", "description": "This file is a React frontend page component for a Sudoku solver application, including functions for puzzle creation, validation, solving, and user interaction handling.", "external_files": ["../shared/common.css"], "external_methods": ["useEffect", "useMemo", "useRef", "useState"], "published": ["Regular"], "classes": [], "methods": [{"name": "createEmptyGrid()", "description": "Creates a 9x9 grid initialized with zeros, representing an empty Sudoku puzzle.", "scope": "", "scopeKind": ""}, {"name": "cloneGrid(grid)", "description": "Creates a deep copy of a 9x9 grid.", "scope": "", "scopeKind": ""}, {"name": "isValidPlacement(grid, row, col, val)", "description": "Checks if placing a specific value at a given row and column on the grid is valid according to Sudoku rules.", "scope": "", "scopeKind": ""}, {"name": "findEmpty(grid)", "description": "Finds the next empty cell (value 0) in the grid.", "scope": "", "scopeKind": ""}, {"name": "shuffledDigits()", "description": "Returns an array of digits 1 through 9 in randomized order.", "scope": "", "scopeKind": ""}, {"name": "solveSudoku(grid)", "description": "Solves the given Sudoku puzzle using backtracking and returns whether it was solved along with the solved grid.", "scope": "", "scopeKind": ""}, {"name": "generateSudoku({ givens = 32 } = {})", "description": "Generates a new Sudoku puzzle with a specified number of givens, ensuring a valid solvable grid.", "scope": "", "scopeKind": ""}, {"name": "gridHasConflicts(grid)", "description": "Checks if the current grid has any conflicts violating Sudoku constraints.", "scope": "", "scopeKind": ""}, {"name": "Regular()", "description": "React functional component implementing the Sudoku frontend interface with functionalities for input, validation, solving, and generating puzzles.", "scope": "", "scopeKind": ""}, {"name": "backtrack()", "scope": "solveSudoku", "scopeKind": "function", "description": "unavailable"}, {"name": "fill()", "scope": "generateSudoku", "scopeKind": "function", "description": "unavailable"}, {"name": "focusCell(row, col)", "scope": "Regular", "scopeKind": "function", "description": "unavailable"}, {"name": "handleClear()", "scope": "Regular", "scopeKind": "function", "description": "unavailable"}, {"name": "handleGenerate()", "scope": "Regular", "scopeKind": "function", "description": "unavailable"}, {"name": "handleKeyDown(e, row, col)", "scope": "Regular", "scopeKind": "function", "description": "unavailable"}, {"name": "handleSolve()", "scope": "Regular", "scopeKind": "function", "description": "unavailable"}, {"name": "setCellValue(row, col, nextVal)", "scope": "Regular", "scopeKind": "function", "description": "unavailable"}], "calls": ["useEffect", "cloneGrid", "isValidPlacement", "findEmpty", "solveSudoku", "generateSudoku", "gridHasConflicts"], "search-terms": ["Regular.jsx", "Sudoku grid creation", "Sudoku validation", "Sudoku solver", "Puzzle generation", "React Sudoku frontend"], "state": 2, "file_id": 13, "knowledge_revision": 30, "git_revision": "", "ctags": [{"_type": "tag", "name": "DIGITS", "path": "/home/kavia/workspace/code-generation/sudoku-solver-and-generator-304640-304649/sudoku_solver_frontend/src/pages/Regular.jsx", "pattern": "/^const DIGITS = [1, 2, 3, 4, 5, 6, 7, 8, 9];$/", "language": "JavaScript", "kind": "constant"}, {"_type": "tag", "name": "Regular", "path": "/home/kavia/workspace/code-generation/sudoku-solver-and-generator-304640-304649/sudoku_solver_frontend/src/pages/Regular.jsx", "pattern": "/^export default function Regular() {$/", "language": "JavaScript", "kind": "function", "signature": "()"}, {"_type": "tag", "name": "backtrack", "path": "/home/kavia/workspace/code-generation/sudoku-solver-and-generator-304640-304649/sudoku_solver_frontend/src/pages/Regular.jsx", "pattern": "/^  function backtrack() {$/", "language": "JavaScript", "kind": "function", "signature": "()", "scope": "solveSudoku", "scopeKind": "function"}, {"_type": "tag", "name": "cloneGrid", "path": "/home/kavia/workspace/code-generation/sudoku-solver-and-generator-304640-304649/sudoku_solver_frontend/src/pages/Regular.jsx", "pattern": "/^function cloneGrid(grid) {$/", "language": "JavaScript", "kind": "function", "signature": "(grid)"}, {"_type": "tag", "name": "createEmptyGrid", "path": "/home/kavia/workspace/code-generation/sudoku-solver-and-generator-304640-304649/sudoku_solver_frontend/src/pages/Regular.jsx", "pattern": "/^function createEmptyGrid() {$/", "language": "JavaScript", "kind": "function", "signature": "()"}, {"_type": "tag", "name": "fill", "path": "/home/kavia/workspace/code-generation/sudoku-solver-and-generator-304640-304649/sudoku_solver_frontend/src/pages/Regular.jsx", "pattern": "/^  function fill() {$/", "language": "JavaScript", "kind": "function", "signature": "()", "scope": "generateSudoku", "scopeKind": "function"}, {"_type": "tag", "name": "findEmpty", "path": "/home/kavia/workspace/code-generation/sudoku-solver-and-generator-304640-304649/sudoku_solver_frontend/src/pages/Regular.jsx", "pattern": "/^function findEmpty(grid) {$/", "language": "JavaScript", "kind": "function", "signature": "(grid)"}, {"_type": "tag", "name": "focusCell", "path": "/home/kavia/workspace/code-generation/sudoku-solver-and-generator-304640-304649/sudoku_solver_frontend/src/pages/Regular.jsx", "pattern": "/^  function focusCell(row, col) {$/", "language": "JavaScript", "kind": "function", "signature": "(row, col)", "scope": "Regular", "scopeKind": "function"}, {"_type": "tag", "name": "generateSudoku", "path": "/home/kavia/workspace/code-generation/sudoku-solver-and-generator-304640-304649/sudoku_solver_frontend/src/pages/Regular.jsx", "pattern": "/^function generateSudoku({ givens = 32 } = {}) {$/", "language": "JavaScript", "kind": "function", "signature": "({ givens = 32 } = {})"}, {"_type": "tag", "name": "gridHasConflicts", "path": "/home/kavia/workspace/code-generation/sudoku-solver-and-generator-304640-304649/sudoku_solver_frontend/src/pages/Regular.jsx", "pattern": "/^function gridHasConflicts(grid) {$/", "language": "JavaScript", "kind": "function", "signature": "(grid)"}, {"_type": "tag", "name": "handleClear", "path": "/home/kavia/workspace/code-generation/sudoku-solver-and-generator-304640-304649/sudoku_solver_frontend/src/pages/Regular.jsx", "pattern": "/^  function handleClear() {$/", "language": "JavaScript", "kind": "function", "signature": "()", "scope": "Regular", "scopeKind": "function"}, {"_type": "tag", "name": "handleGenerate", "path": "/home/kavia/workspace/code-generation/sudoku-solver-and-generator-304640-304649/sudoku_solver_frontend/src/pages/Regular.jsx", "pattern": "/^  function handleGenerate() {$/", "language": "JavaScript", "kind": "function", "signature": "()", "scope": "Regular", "scopeKind": "function"}, {"_type": "tag", "name": "handleKeyDown", "path": "/home/kavia/workspace/code-generation/sudoku-solver-and-generator-304640-304649/sudoku_solver_frontend/src/pages/Regular.jsx", "pattern": "/^  function handleKeyDown(e, row, col) {$/", "language": "JavaScript", "kind": "function", "signature": "(e, row, col)", "scope": "Regular", "scopeKind": "function"}, {"_type": "tag", "name": "handleSolve", "path": "/home/kavia/workspace/code-generation/sudoku-solver-and-generator-304640-304649/sudoku_solver_frontend/src/pages/Regular.jsx", "pattern": "/^  function handleSolve() {$/", "language": "JavaScript", "kind": "function", "signature": "()", "scope": "Regular", "scopeKind": "function"}, {"_type": "tag", "name": "isValidPlacement", "path": "/home/kavia/workspace/code-generation/sudoku-solver-and-generator-304640-304649/sudoku_solver_frontend/src/pages/Regular.jsx", "pattern": "/^function isValidPlacement(grid, row, col, val) {$/", "language": "JavaScript", "kind": "function", "signature": "(grid, row, col, val)"}, {"_type": "tag", "name": "setCellValue", "path": "/home/kavia/workspace/code-generation/sudoku-solver-and-generator-304640-304649/sudoku_solver_frontend/src/pages/Regular.jsx", "pattern": "/^  function setCellValue(row, col, nextVal) {$/", "language": "JavaScript", "kind": "function", "signature": "(row, col, nextVal)", "scope": "Regular", "scopeKind": "function"}, {"_type": "tag", "name": "shuffledDigits", "path": "/home/kavia/workspace/code-generation/sudoku-solver-and-generator-304640-304649/sudoku_solver_frontend/src/pages/Regular.jsx", "pattern": "/^function shuffledDigits() {$/", "language": "JavaScript", "kind": "function", "signature": "()"}, {"_type": "tag", "name": "solveSudoku", "path": "/home/kavia/workspace/code-generation/sudoku-solver-and-generator-304640-304649/sudoku_solver_frontend/src/pages/Regular.jsx", "pattern": "/^function solveSudoku(grid) {$/", "language": "JavaScript", "kind": "function", "signature": "(grid)"}, {"_type": "tag", "name": "toast", "path": "/home/kavia/workspace/code-generation/sudoku-solver-and-generator-304640-304649/sudoku_solver_frontend/src/pages/Regular.jsx", "pattern": "/^              data-variant={toast.variant}$/", "language": "JavaScript", "kind": "field", "scope": "Regular.data", "scopeKind": "class"}], "hash": "f3ff9fdb1bc2fcc723e508b77d9122c8", "format-version": 4, "code-base-name": "sudoku_solver_frontend", "filename": "sudoku_solver_frontend/src/pages/Regular.jsx", "fields": [{"name": "data-variant={toast.variant}", "scope": "Regular.data", "scopeKind": "class", "description": "unavailable"}], "revision_history": [{"30": ""}]}