{"is_source_file": false, "format": "", "description": "", "external_files": [], "external_methods": [], "published": [], "classes": [], "methods": [], "calls": [], "search-terms": ["common.css", "shared stylesheet", "CSS variables", "CSS classes", "sudoku grid styles", "button styles", "layout styles"], "state": 2, "file_id": 14, "knowledge_revision": 31, "git_revision": "", "hash": "0787978d04e8d7d22331fc12b93b2592", "format-version": 4, "code-base-name": "sudoku_solver_frontend", "filename": "sudoku_solver_frontend/src/shared/common.css", "revision_history": [{"31": ""}]}