{"is_source_file": true, "format": "JavaScript (ES Module, .mjs)", "description": "ESLint configuration file defining linting rules, parser options, and plugins for JavaScript and React projects.", "external_files": ["@eslint/js", "eslint-plugin-react"], "external_methods": ["pluginJs", "pluginReact"], "published": [], "classes": [], "methods": [], "calls": ["pluginJs", "pluginReact", "pluginJs.configs.recommended"], "search-terms": ["eslint", "eslint.config", "eslint-plugin-react", "parserOptions", "rules", "jsx", "react"], "state": 2, "file_id": 9, "knowledge_revision": 19, "git_revision": "01bf823881801c4918e1f75614b673c2496033aa", "hash": "be6538e7523bc2e9da0743133d784136", "format-version": 4, "code-base-name": "sudoku_solver_frontend", "filename": "sudoku_solver_frontend/eslint.config.mjs", "revision_history": [{"19": "01bf823881801c4918e1f75614b673c2496033aa"}]}