{"is_source_file": false, "format": "", "description": "", "external_files": [], "external_methods": [], "published": [], "classes": [], "methods": [], "calls": [], "search-terms": [], "state": 2, "file_id": 10, "knowledge_revision": 16, "git_revision": "01bf823881801c4918e1f75614b673c2496033aa", "hash": "d001d53c059625c4bcf75bf5a7f3fcf0", "format-version": 4, "code-base-name": "sudoku_solver_frontend", "filename": "sudoku_solver_frontend/package.json", "revision_history": [{"16": "01bf823881801c4918e1f75614b673c2496033aa"}]}