{"is_source_file": true, "format": "JavaScript (ReactJS)", "description": "This file serves as the front-end entry point for a React application, initializing the React app and rendering the main App component into the DOM.", "external_files": ["./index.css", "./App"], "external_methods": ["ReactDOM.createRoot", "root.render"], "published": ["React", "ReactDOM"], "classes": [], "methods": [{"name": "ReactDOM.createRoot", "description": "Creates a root container for rendering a React component tree."}, {"name": "root.render", "description": "Renders a React element into the root container."}], "calls": ["ReactDOM.createRoot", "root.render"], "search-terms": ["React", "ReactDOM", "index.js entry point", "React StrictMode", "App component initialization"], "state": 2, "file_id": 7, "knowledge_revision": 25, "git_revision": "01bf823881801c4918e1f75614b673c2496033aa", "ctags": [{"_type": "tag", "name": "root", "path": "/home/kavia/workspace/code-generation/sudoku-solver-and-generator-304640-304649/sudoku_solver_frontend/src/index.js", "pattern": "/^const root = ReactDOM.createRoot(document.getElementById('root'));$/", "language": "JavaScript", "kind": "constant"}], "hash": "9fc5841375336fc175b49f8767a11383", "format-version": 4, "code-base-name": "sudoku_solver_frontend", "filename": "sudoku_solver_frontend/src/index.js", "revision_history": [{"25": "01bf823881801c4918e1f75614b673c2496033aa"}]}