{"is_source_file": false, "format": "", "description": "", "external_files": [], "external_methods": [], "published": [], "classes": [], "methods": [], "calls": [], "search-terms": [], "state": 2, "file_id": 3, "knowledge_revision": 14, "git_revision": "01bf823881801c4918e1f75614b673c2496033aa", "hash": "6c2104b8d219ed99234ae2d6329f4357", "format-version": 4, "code-base-name": "sudoku_solver_frontend", "filename": "sudoku_solver_frontend/src/index.css", "revision_history": [{"14": "01bf823881801c4918e1f75614b673c2496033aa"}]}