{"is_source_file": true, "format": "JavaScript (React JSX)", "description": "A React component file serving as the main frontend application entry point, rendering the 'Regular' Sudoku page.", "external_files": ["react"], "external_methods": ["React"], "published": ["App"], "classes": [], "methods": [{"name": "App()", "description": "Main React component rendering the 'Regular' Sudoku screen.", "scope": "", "scopeKind": ""}], "calls": ["<Regular />"], "search-terms": ["React", "App", "Regular", "Sudoku", "frontend"], "state": 2, "file_id": 4, "knowledge_revision": 28, "git_revision": "01bf823881801c4918e1f75614b673c2496033aa", "revision_history": [{"21": "01bf823881801c4918e1f75614b673c2496033aa"}, {"28": "01bf823881801c4918e1f75614b673c2496033aa"}], "ctags": [{"_type": "tag", "name": "App", "path": "/home/kavia/workspace/code-generation/sudoku-solver-and-generator-304640-304649/sudoku_solver_frontend/src/App.js", "pattern": "/^function App() {$/", "language": "JavaScript", "kind": "function", "signature": "()"}], "hash": "8036961cad29acd7cf72013515cc9b7d", "format-version": 4, "code-base-name": "sudoku_solver_frontend", "filename": "sudoku_solver_frontend/src/App.js"}